{"cars": [{"0": [[-305.3448275862069, 71.79310344827586], 0.8803498697402046, 1]}, {"1": [[-339.0, 28.0], -0.33261969157391236, 0]}, {"2": [[-470.19354838709677, 51.74193548387097], -0.4214192068878042, 2]}, {"3": [[-724.1160220994475, 220.17127071823205], -0.27981710852324315, 1]}]}