{"nodes": [[[0, 0], "spawn"], [[-372, 118], "spawn"], [[-727, 221], "spawn"], [[-176, -24], "spawn"], [[-455, -15], "spawn"], [[-473, -10], "spawn"], [[-424, 35], "spawn"], [[-439, 39], "spawn"], [[-413, 53], "spawn"], [[-394, 47], "spawn"], [[-374, 114], "spawn"], [[-473, 53], "spawn"], [[-444, 40], "spawn"], [[-379, 121], "spawn"], [[-382, 117], "spawn"], [[-333, 177], "spawn"], [[-339, 28], "spawn"], [[-287, 94], "spawn"], [[-306, 71], "spawn"], [[-187, 28], "spawn"]], "roads": {"0": {"17": [1, -0.3165150001402346]}, "1": {"13": [1, -0.4048917862850834], "10": [1, 1.1071487177940904], "15": [1, 0.9867152717720891], "17": [1, -0.2751892491291713]}, "2": {"13": [1, -0.27981710852324315]}, "3": {"16": [1, -0.3088122745486295]}, "4": {"6": [1, 1.0158005994563097]}, "5": {"7": [1, 0.9641912182003697]}, "6": {"7": [1, -0.26060239174734096], "8": [1, 1.0222469243443686], "4": [1, 1.0158005994563097]}, "7": {"6": [1, -0.26060239174734096], "12": [1, -0.19739555984988078], "14": [1, 0.9397169393235674], "5": [1, 0.9641912182003697]}, "8": {"10": [1, 1.0019484683735376], "9": [1, -0.30587887140485215], "6": [1, 1.0222469243443686]}, "9": {"8": [1, -0.30587887140485215], "16": [1, -0.33261969157391236]}, "10": {"1": [1, 1.1071487177940904], "8": [1, 1.0019484683735376]}, "11": {"12": [1, -0.4214192068878042]}, "12": {"7": [1, -0.19739555984988078], "11": [1, -0.4214192068878042]}, "13": {"1": [1, -0.4048917862850834], "14": [1, 0.9272952180016122], "2": [1, -0.27981710852324315]}, "14": {"13": [1, 0.9272952180016122], "7": [1, 0.9397169393235674]}, "15": {"1": [1, 0.9867152717720891]}, "16": {"9": [1, -0.33261969157391236], "18": [1, 0.9162255594715052], "3": [1, -0.3088122745486295]}, "17": {"18": [1, 0.8803498697402046], "1": [1, -0.2751892491291713], "0": [1, -0.3165150001402346]}, "18": {"17": [1, 0.8803498697402046], "16": [1, 0.9162255594715052], "19": [1, -0.34674534801556234]}, "19": {"18": [1, -0.34674534801556234]}}}